{"cameraMode":{"drawMode":0,"name":"Shaded","section":"Shading Mode"},"sceneLighting":true,"audioPlay":false,"sceneViewState":{"m_AlwaysRefresh":false,"showFog":true,"showSkybox":true,"showFlares":true,"showImageEffects":true,"showParticleSystems":true,"showVisualEffectGraphs":true,"m_FxEnabled":true},"in2DMode":false,"pivot":{"x":-2.1687965393066408,"y":-7.913455963134766,"z":4.944028854370117},"rotation":{"x":-0.4075276851654053,"y":-0.04599717631936073,"z":0.020557090640068055,"w":-0.9118090867996216},"size":15.635088920593262,"orthographic":false}